{
  "project_info": {
    "project_number": "35072565686",
    "firebase_url": "https://loginappfirebase-1e27d.firebaseio.com",
    "project_id": "loginappfirebase-1e27d",
    "storage_bucket": "loginappfirebase-1e27d.appspot.com"
  },
  "client": [
    {
      "client_info": {
        "mobilesdk_app_id": "1:35072565686:android:0f9ceb700b8dcca9",
        "android_client_info": {
          "package_name": "com.example.loginappfirebase"
        }
      },
      "oauth_client": [
        {
          "client_id": "35072565686-jpn6lg3r6armhpr0hafn0kbobivq51gv.apps.googleusercontent.com",
          "client_type": 1,
          "android_info": {
            "package_name": "com.example.loginappfirebase",
            "certificate_hash": "28455abbfa68204ebf80af10846cc1bacfdc58b6"
          }
        },
        {
          "client_id": "35072565686-ikeb6qajv3v6avhbnb0rn79nb4ccua28.apps.googleusercontent.com",
          "client_type": 3
        }
      ],
      "api_key": [
        {
          "current_key": "AIzaSyCQ_NgrgnwMLO49qC1B_yFZo0qMhNwqWyw"
        }
      ],
      "services": {
        "appinvite_service": {
          "other_platform_oauth_client": [
            {
              "client_id": "35072565686-ikeb6qajv3v6avhbnb0rn79nb4ccua28.apps.googleusercontent.com",
              "client_type": 3
            }
          ]
        }
      }
    }
  ],
  "configuration_version": "1"
}